week,sentiment_mean,sentiment_std,subjectivity_mean,subjectivity_std,counting
2022-39,0.26220567945436785,1.0341205058621885,-0.04474201245703631,0.9085370339774635,74.0
2022-40,-0.1316937027235073,0.9020656508486194,-0.06912449587763052,1.0171091138187929,113.0
2022-41,-0.0036654783823353936,0.9854951226350334,-0.021613668725319314,0.9184826287188324,178.0
2022-42,-0.021478953825212917,1.0401148524084003,0.013237412005496123,1.02982810120832,182.0
2022-43,0.11352564540931205,0.9315545724377626,-0.003449988627551436,0.9851476960943658,223.0
2022-44,-0.04587946946929561,0.9924016056379464,-0.07189845591982633,0.84381265789925,249.0
2022-45,-0.015149820677861,0.9374705708668704,0.15824725368578305,1.1533233125427815,218.0
2022-46,-0.04656402415539497,0.9484954843719591,0.0414628886116828,0.943833717178203,214.0
2022-47,0.040555410346653435,0.8345067823708773,-0.1326715579429274,0.7141351007337287,60.0
