topic,sentiment_mean,sentiment_std,subjectivity_mean,subjectivity_std,counting
Frühling,0.16959206909591182,1.0134858705421816,0.024750888607238005,0.9568091163186135,538.0
Herbst,0.06376130158750212,1.0065343753443894,-0.03408240651797007,0.948162056635519,372.0
Sommer,-0.03272794864202582,0.9217079428016048,-0.04835094878279023,0.9223198767082574,592.0
Winter,-0.06727675653901014,0.9883975519404586,0.02056553518091996,1.0348108121549204,1407.0
