week,sentiment_mean,sentiment_std,subjectivity_mean,subjectivity_std,counting
2025-42,-0.15555555555555556,0.45379061903693635,0.0,0.0,3.0
2025-43,0.0,0.9999999999999999,,1.0,2.0
