topic,sentiment_mean,sentiment_std,subjectivity_mean,subjectivity_std,counting
Frühling,0.1595916692928066,0.9935318220711142,0.018461247869845796,0.9533601473153688,624.0
Herbst,0.11361045236927128,1.0337637863895166,0.0017470558701330268,0.9880218841876351,686.0
Sommer,-0.022948922890194283,0.9434364473980644,-0.04509665192574903,0.9486131652463673,1078.0
Winter,-0.09320057229624461,0.9869081186633389,0.022515693106258422,1.0325352677450472,1630.0
