topic,sentiment_mean,sentiment_std,subjectivity_mean,subjectivity_std,counting
Frühling,0.053560978292232456,0.8854263223313236,-0.07834537039712833,0.7101698032938948,38.0
Herbst,0.43542649174881765,0.9760524317954716,0.03977850639924645,0.9862781600270968,53.0
Sommer,-0.023287927598271464,0.8319887594412803,0.18388276596207664,1.391507726649748,64.0
Winter,-0.04118726647425329,0.9720629676209602,-0.01811076560395432,0.9223055894034755,556.0
