topic,sentiment_mean,sentiment_std,subjectivity_mean,subjectivity_std,counting
Causes,-0.45063546087557055,0.5127110016345476,0.17858966744675198,0.7929893544804308,5.0
Hazard,-0.031183543088159953,0.8939054198001363,-0.07595947548391047,0.8799727627518011,60.0
Impact,0.24647600043149712,0.6257439874661347,-0.0032346934563979505,0.4716928157776631,14.0
Mitigation,0.1793990687866445,1.0575242926888642,0.5638324177702477,1.15164747826228,8.0
