week,sentiment_mean,sentiment_std,subjectivity_mean,subjectivity_std,counting
2024-49,1.1371942386899898,1.0,-1.1547005383792515,1.0,1.0
2024-50,0.07276242350485422,0.9791828814914446,0.029273416390136184,0.9983658620921106,26.0
2024-51,-0.10069903105917917,0.8537371213524219,0.11496456720953664,0.9473538293337571,39.0
2024-52,-0.22337315758824702,0.6650242597512758,0.42770563372302156,1.675445123400765,30.0
2024-53,0.6949475127565217,1.1849197051624305,0.1531604566965808,1.1553723421499966,5.0
2025-00,-0.0738323942640602,0.951723354518481,-0.1677033584721584,0.7161935654615711,185.0
2025-01,0.20193965287076193,1.1226912497236885,-0.12770578987003037,0.8738462290607115,90.0
2025-02,0.008095179641313696,0.8745825950256948,0.276628404975058,1.0420797792096816,96.0
