topic,sentiment_mean,sentiment_std,subjectivity_mean,subjectivity_std,counting
Hazard,0.08054110815268492,0.8583767191458518,0.069617516385414,0.8671028381206304,16.0
Mitigation,-0.735995531888146,0.5704336728229163,-0.5569401310833124,0.1551767547741938,2.0
