topic,sentiment_mean,sentiment_std,subjectivity_mean,subjectivity_std,counting
Frühling,0.0712272955488269,0.9999968995663416,-0.021541457230473474,0.8101937891162485,69.0
Herbst,0.3765490441430298,0.9394887433224823,-0.027163973947582697,0.8985158544453995,65.0
Sommer,0.053917229368976964,0.8729931427483454,0.08855025088856922,1.2941105014190495,79.0
Winter,-0.049378878093948066,0.9728075568296825,-0.004111912503684586,0.9521890950860815,664.0
