topic,sentiment_mean,sentiment_std,subjectivity_mean,subjectivity_std,counting
Causes,-0.00860047420440761,0.997090781108891,0.14523964892701627,0.9202850794691273,62.0
Hazard,-0.04314573916724789,0.9665778653672026,-0.08532163678019812,0.9095259886370511,504.0
Impacts,0.26575412640474866,0.9300676848711105,0.47734758110043457,1.288720934922899,66.0
Mitigation,0.18897997748877757,0.9521909107905054,0.09879714439392916,1.0002599700715862,39.0
