topic,sentiment_mean,sentiment_std,subjectivity_mean,subjectivity_std,counting
Frühling,0.04537515329902665,0.9359349516646263,-0.10740618131421005,0.8194385762674233,180.0
Herbst,0.059258272441082054,0.9774457379081151,-0.0017639294281745286,0.9642861010398839,520.0
Sommer,-0.0010839498885174847,1.068196024596439,-0.018918847171754828,0.9725994678635528,457.0
Winter,-0.035889166114628196,0.9294515187743375,0.03369057317333422,1.0119280681533298,966.0
