topic,sentiment_mean,sentiment_std,subjectivity_mean,subjectivity_std,counting
Causes,0.04223280612550748,0.9540285877767644,0.022996307955373933,0.9655747997083611,179.0
Hazard,-0.04127244061326531,0.9811255665247837,-0.01944849409974601,0.9745725656777869,1423.0
Impacts,0.3580597000566281,1.0393780808401045,0.2809555062649118,1.1431108768867178,92.0
Mitigation,0.25831996363927984,0.9580413346045129,-0.01283056497761359,1.0398175364528366,76.0
