topic,sentiment_mean,sentiment_std,subjectivity_mean,subjectivity_std,counting
Causes,-0.03740085761935011,1.0059979950447568,0.11398323427753386,0.8929978355000666,59.0
Hazard,-0.04065569887610592,0.9623411500155762,-0.08663445537364468,0.9081663638454327,482.0
Impacts,0.2466702127039554,0.9301993584412604,0.47587263695986426,1.2987804165596764,64.0
Mitigation,0.2469882960678997,1.0259604329696665,0.18714819020625584,1.0772385821884445,31.0
