topic,sentiment_mean,sentiment_std,subjectivity_mean,subjectivity_std,counting
Causes,0.043521212069160466,0.9285720149093288,-0.0073259854208044175,0.9343422788096242,258.0
Hazard,-0.03772437921973928,0.9925092951435666,-0.025841847706793042,0.9630750395961494,2143.0
Impacts,0.39241286834786665,1.0653367090472168,0.31508087969903326,1.2812446403769877,112.0
Mitigation,0.18071268820621958,0.9002825781565634,0.1577401901079927,1.1684490319724636,145.0
