topic,sentiment_mean,sentiment_std,subjectivity_mean,subjectivity_std,counting
Causes,0.055028151279724796,0.9507448656580559,0.025535557971860877,0.9689155982330598,179.0
Hazard,-0.04009179766113652,0.9825256740621056,-0.01840956230655652,0.9768275827992846,1581.0
Impacts,0.36307641044170713,1.0442926606965184,0.2805107454852864,1.1380801950703205,92.0
Mitigation,0.2690056612305229,0.9624706552170251,-0.003060477071626258,1.0430565667420557,80.0
