topic,sentiment_mean,sentiment_std,subjectivity_mean,subjectivity_std,counting
Causes,0.04613059493757746,0.9399625857239721,-0.011960678101422335,0.9325796274609421,268.0
Hazard,-0.037671628660065654,0.9914705439939981,-0.025440367314413185,0.9629768155352962,2178.0
Impacts,0.3962318179163574,1.066580372972304,0.30714757326048725,1.2893953561094011,113.0
Mitigation,0.1700595539844228,0.8960254439370419,0.16486058789543057,1.1667586955605145,149.0
