topic,sentiment_mean,sentiment_std,subjectivity_mean,subjectivity_std,counting
Frühling,0.05416923563656158,0.8712624067519527,-0.08178300738698813,0.7159402458000618,41.0
Herbst,0.40217486964830346,0.94579833633088,-0.0046542245974140846,0.8925513800824694,62.0
Sommer,-0.024166569713910277,0.8248105565087818,0.2040195147635418,1.4329251272173702,66.0
Winter,-0.041242240774772544,0.9790870545691831,-0.015249867381096871,0.9271978899768529,598.0
