topic,sentiment_mean,sentiment_std,subjectivity_mean,subjectivity_std,counting
Frühling,0.1549586402920664,0.9909493635519796,0.022449342478384936,0.9570109286485032,622.0
Herbst,0.11433456871989467,1.0399171369035372,-0.006750749923904793,0.9664076482494136,640.0
Sommer,-0.030761943272767163,0.94607849965113,-0.04618305306867904,0.9527030839965164,1052.0
Winter,-0.08455516161259169,0.9847798726359512,0.024807282370195277,1.0359674707371485,1610.0
