keyword,sentiment_mean,sentiment_std,subjectivity_mean,subjectivity_std,counting
'Eisregen',0.19999999999999998,1.0,0.0,1.0,1.0
'Frost',0.2575979791350126,1.0764341871558134,-0.14907119849998599,0.25819888974716115,3.0
'Schnee',0.12880556256979106,1.0726807953117323,-0.3048632677916772,0.8517787544589317,8.0
'Schneefall',-0.3326380136179135,1.0,1.3333333333333333,1.0,1.0
'Schneefallgrenze',-0.3326380136179135,0.0,1.3333333333333333,0.0,2.0
'Schneematsch',0.2833333333333333,1.0,0.0,1.0,1.0
'Winterdienst',-0.735995531888146,0.5704336728229163,-0.5569401310833124,0.1551767547741938,2.0
