week,sentiment_mean,sentiment_std,subjectivity_mean,subjectivity_std,counting
2025-39,0.09269295446573163,0.6620166803510349,0.4476119889140685,1.4414590842595771,11.0
2025-40,-0.013703631003094527,0.9226556507301708,-0.18334094472862064,0.6152038804104483,35.0
2025-41,-0.06258630068626689,1.0084578270940558,-0.006454075391522469,0.8767412776915388,56.0
2025-42,-0.2025200760979201,1.069524260189794,-0.1690206998668559,0.7232864046941522,72.0
2025-43,0.3216837527157714,1.0720471494751178,0.10086013615748217,1.1460450878477673,51.0
2025-44,0.22088436284295365,0.7952443219121084,0.38124747059916314,1.2937682740990801,50.0
2025-45,0.09387809956012882,0.8469996313537506,-0.0545857031727091,0.7526856541885923,53.0
2025-46,-0.2224170394976111,0.816620409728919,-0.11492470067683921,0.9122239637162407,60.0
