week,sentiment_mean,sentiment_std,subjectivity_mean,subjectivity_std,counting
2025-39,0.0463895994257628,0.6081029856366208,0.35143093724432434,1.2775253702244818,11.0
2025-40,-0.03181209459958769,0.8853957526750802,-0.1841712560273508,0.6215919347592462,35.0
2025-41,-0.11406138843668176,1.0039289429170173,-0.04514732327062063,0.8324914393624732,56.0
2025-42,-0.23022695702008392,1.0587256568382246,-0.18700201638625155,0.7045201155020065,71.0
2025-43,0.30525227280258943,1.0031668186690528,0.07690653952242353,1.1320068109926522,50.0
2025-44,0.16802176121384307,0.7904927201664935,0.35929605912065143,1.2817824034218863,50.0
2025-45,0.01788129903716128,0.8492191803551825,-0.003845654853133415,0.8643546901230615,48.0
2025-46,0.034195213044612004,0.7901546600414073,-0.23993217528839406,0.5989354842059413,14.0
