topic,sentiment_mean,sentiment_std,subjectivity_mean,subjectivity_std,counting
Causes,0.06488370223779791,0.9367376296605814,0.0012980214436776598,0.9301841443240191,227.0
Hazard,-0.04158854529018378,0.9890733679407601,-0.02981084251333395,0.9595453653642618,2016.0
Impacts,0.38904197740482105,1.062726640676763,0.35744771577830686,1.2952138946244562,108.0
Mitigation,0.19520576720322835,0.9188262219373374,0.1573053437431606,1.1710952171832725,140.0
