topic,sentiment_mean,sentiment_std,subjectivity_mean,subjectivity_std,counting
Frühling,0.13769675424130168,0.9941344969291991,-0.006599527757566049,0.9034731194153883,174.0
Herbst,0.2645252097052778,0.9639829246064128,0.10191847131213004,1.034865884733252,88.0
Sommer,-0.14938591945921925,0.8907917657515265,0.013467334023251485,1.2127569252970982,106.0
Winter,-0.036202490229260184,0.9763032893477269,-0.010431083108566499,0.9542420677089939,849.0
