topic,sentiment_mean,sentiment_std,subjectivity_mean,subjectivity_std,counting
Causes,-0.27719495628437824,0.8342363817665428,0.316384452949515,1.1983958129405934,14.0
Hazard,-0.03744126923167927,0.9483872439812155,-0.11870502747456818,0.8494441635959419,217.0
Impacts,0.3358563878016237,0.86468757787433,0.4688313169437925,1.0986983105062684,35.0
Mitigation,0.19070588572464875,0.783693137667852,0.5571214831848114,1.1130964997436643,10.0
