topic,sentiment_mean,sentiment_std,subjectivity_mean,subjectivity_std,counting
Causes,-0.2952389436352788,0.8256169822207814,0.11030463728477591,0.9385194095237596,17.0
Hazard,-0.03360869664260927,0.9578514708762158,-0.08697710633758321,0.8913423671285354,253.0
Impacts,0.3513641407312327,0.8796899663272554,0.43134283307663623,1.153184659646726,42.0
Mitigation,0.018644173944162276,0.8539265492193664,0.10428839865487782,0.9589324850061042,23.0
