topic,sentiment_mean,sentiment_std,subjectivity_mean,subjectivity_std,counting
Causes,-0.03761527690307682,1.001591771996372,0.13928307731873968,0.9910881336893445,73.0
Hazard,-0.04128562925540456,0.9686092205295445,-0.08052038605835371,0.900263991302252,593.0
Impacts,0.29941904131779307,0.9786359020510601,0.42892244196133333,1.2665839522737123,72.0
Mitigation,0.19225404247350977,0.8855817529091738,0.18371459008028376,1.1749948662668495,45.0
