topic,sentiment_mean,sentiment_std,subjectivity_mean,subjectivity_std,counting
Frühling,0.04487730718254428,0.9399867436256549,-0.09827699283963345,0.8331570617636822,177.0
Herbst,0.059285507788105284,0.9895155729871374,0.016244213759758108,0.9936239941974685,511.0
Sommer,-0.016514652883159498,1.0620353123240374,0.004214976124361602,1.0092922370841322,438.0
Winter,-0.034216835817253835,0.9137856216803424,0.011841220601413939,0.9744488872501419,821.0
