topic,sentiment_mean,sentiment_std,subjectivity_mean,subjectivity_std,counting
Causes,0.0017144488881729026,0.9587452429294926,0.0893533449686277,1.0029983348730709,105.0
Hazard,-0.0415527626595387,0.9725290009284507,-0.06617022967840236,0.9166948699588675,716.0
Impacts,0.3162501687531169,1.0147310934105405,0.4280811567807064,1.243510235312299,73.0
Mitigation,0.19926240301785672,0.9147890907334255,0.18933771390921675,1.2093051322795387,45.0
