topic,sentiment_mean,sentiment_std,subjectivity_mean,subjectivity_std,counting
Causes,0.04613059493757746,0.9399625857239722,-0.011960678101422335,0.9325796274609421,268.0
Hazard,-0.037671628660065654,0.9914705439939979,-0.025440367314413185,0.9629768155352962,2178.0
Impacts,0.3962318179163574,1.066580372972304,0.30714757326048725,1.2893953561094011,113.0
Mitigation,0.17175915695785998,0.8932561563529158,0.16375414099680352,1.162888694369478,150.0
