domain,sentiment_mean,sentiment_std,subjectivity_mean,subjectivity_std,counting
www.zeit.de,0.04703703703703704,0.1414060784137149,0.06666666666666668,0.1,9.0
www.stern.de,0.19396825396825396,0.42101308248208064,0.07142857142857142,0.15971914124998496,5.0
snipz.de,0.0,1.0,0.0,1.0,1.0
wirres.net,0.0,1.0,0.0,1.0,1.0
www.bild.de,0.0,1.0,0.0,1.0,1.0
www.spektrum.de,0.0,1.0,0.0,1.0,1.0
