topic,sentiment_mean,sentiment_std,subjectivity_mean,subjectivity_std,counting
Causes,0.04112785803576159,0.9711281019296225,0.05740754554331604,1.0033334765539794,138.0
Hazard,-0.04579730888665776,0.9734823269261706,-0.04488054946434302,0.9422284208840181,1023.0
Impacts,0.33525710071859616,1.031764018701997,0.3221865416208906,1.1623207603475811,92.0
Mitigation,0.2506233568439615,0.944775192879283,0.18911451471546373,1.2593337143932697,52.0
