topic,sentiment_mean,sentiment_std,subjectivity_mean,subjectivity_std,counting
Frühling,0.16911377715386317,1.010173294502478,0.021466669155867583,0.9465518712415986,578.0
Herbst,0.09075853811109004,1.003098138251973,-0.026137207220876146,0.951464345549944,427.0
Sommer,-0.03558226444407039,0.9295635509391539,-0.0532166269112848,0.9400064150179162,749.0
Winter,-0.07372258913572458,0.9918911158261096,0.026824226281776022,1.037634339528864,1479.0
