topic,sentiment_mean,sentiment_std,subjectivity_mean,subjectivity_std,counting
Frühling,0.16971907568077707,1.0132463140916228,0.02321572961167717,0.9558053080614458,559.0
Herbst,0.06479285884961038,1.0010884575821382,-0.0226539783915403,0.9594239938938243,375.0
Sommer,-0.03699237216786155,0.9453000392295423,-0.061353448385669196,0.9189467162072029,660.0
Winter,-0.06621585451475889,0.9827826449335192,0.025977303729011483,1.0375017115107765,1424.0
