topic,sentiment_mean,sentiment_std,subjectivity_mean,subjectivity_std,counting
Causes,0.03335259423409441,0.943956131915895,0.02582294428140178,0.9773847905740457,164.0
Hazard,-0.04259931640575095,0.9811963957960501,-0.023304145916949775,0.9708605319975848,1299.0
Impacts,0.33960315398736696,1.039789319100662,0.27607252244734765,1.1397818577330592,92.0
Mitigation,0.29803335689019,0.9388839005975571,0.023011205946422322,1.0516090081271063,67.0
