topic,sentiment_mean,sentiment_std,subjectivity_mean,subjectivity_std,counting
Causes,0.05877089082869743,0.9566466921875854,0.018316124512266867,0.9588206428074478,185.0
Hazard,-0.039798484160221206,0.9811183535887861,-0.016592712249773874,0.9810610150209383,1700.0
Impacts,0.36454368205443693,1.0332758994401727,0.28825690727974,1.1196853877101847,98.0
Mitigation,0.24264178618376842,1.0031223534010922,-0.026496247812884347,1.0092349844546908,91.0
