topic,sentiment_mean,sentiment_std,subjectivity_mean,subjectivity_std,counting
Frühling,0.1814839289153673,0.9872436529645013,-0.05852870930855258,0.8267893414378644,276.0
Herbst,0.13311198464143684,1.0734049777391672,0.04559121102900259,0.9854465046210397,128.0
Sommer,-0.10384433506598087,0.8481102063732386,0.03905266514289579,1.19139930735505,126.0
Winter,-0.05649272000649143,0.9712134051797182,0.00569907233423309,0.9886396319213121,939.0
