week,sentiment_mean,sentiment_std,subjectivity_mean,subjectivity_std,counting
2022-39,0.2649732334080047,1.0347359095426707,-0.03950932928740649,0.897189575618452,74.0
2022-40,-0.12611077160209702,0.9011494204936676,-0.07279595454492938,0.9999839895199085,113.0
2022-41,-0.0035234626899198237,0.9851692987670291,-0.026573830974641822,0.9082708163789637,178.0
2022-42,-0.01791071925887624,1.0434188945303045,0.00884258626555694,1.0162051775610275,182.0
2022-43,0.09334344895068289,0.918943722165033,0.008301565673421276,0.9960247560356889,208.0
2022-44,-0.019578009146991315,0.9841411894772685,-0.08355344697232367,0.8184613656838278,225.0
2022-45,-0.01298630874056899,0.9291812428202116,0.1581403721036078,1.1422457528227121,208.0
2022-46,-0.04684340740548697,0.9393257428727212,0.020065932195700457,0.9357447858310187,188.0
2022-47,-0.09803642000861552,0.8211150299681912,-0.14751968986562533,0.7842955104132436,14.0
