week,sentiment_mean,sentiment_std,subjectivity_mean,subjectivity_std,counting
2022-39,0.2597691639189676,1.0340535408616858,-0.03556995079211834,0.9096358693652117,74.0
2022-40,-0.12694679306042994,0.8983772828478471,-0.06870407113705024,1.0095265396029203,113.0
2022-41,0.0018269297766630237,0.9850558783810369,-0.02314859707028418,0.9176544023596683,178.0
2022-42,-0.013284166980210978,1.0391611856637457,0.010276050931492446,1.0218425153155204,182.0
2022-43,0.08885263451865733,0.9107685881806126,0.003170225959290683,0.9993892249658894,214.0
2022-44,-0.03422575738775813,1.0147335378829483,-0.06350862640253006,0.8485760941520482,234.0
2022-45,-0.021105037021899198,0.9351222687355228,0.167475698170859,1.1492667108379224,214.0
2022-46,-0.04147396971244935,0.9387606062362424,0.0212037138776325,0.9290996849691062,205.0
2022-47,0.04713804417790316,0.8512610565370626,-0.16586851517439474,0.6831136383026272,56.0
