topic,sentiment_mean,sentiment_std,subjectivity_mean,subjectivity_std,counting
Causes,-0.506245609532629,0.5063823659085548,-0.2738463314292805,0.38727719591340604,3.0
Hazard,0.008583007388407489,0.9039420596473698,-0.004917726249984369,0.8705033668307217,30.0
Impact,0.4843092144838481,0.5731271396052938,-0.18256422095285366,0.31621050633457315,5.0
Mitigation,-0.42939322642804906,0.7495231016075983,0.30581155205417837,1.1663262974276514,5.0
