topic,sentiment_mean,sentiment_std,subjectivity_mean,subjectivity_std,counting
Causes,-0.5162524247917774,0.5129355488047028,-0.28781985177807873,0.4070387379047729,3.0
Hazard,0.03616808637184902,0.9457973445723222,-0.014802894247042666,0.8928695102590359,22.0
Impact,0.8716614828017569,1.0,,1.0,1.0
Mitigation,-0.20705375505475407,0.6129998238757438,0.17730009654881057,0.9437347911707771,5.0
