topic,sentiment_mean,sentiment_std,subjectivity_mean,subjectivity_std,counting
Frühling,0.10514173399984862,0.9755880344362394,-0.012393384521316466,0.8176351595135221,76.0
Herbst,0.2602194121090809,0.9694637653187512,0.01985586685485104,0.9480260691824859,81.0
Sommer,-0.022731654123304076,0.8595200995480786,0.0195635522282195,1.2357926454990393,91.0
Winter,-0.03612217496105365,0.9790226392735196,-0.0020309201487724127,0.9539975366250641,715.0
