week,sentiment_mean,sentiment_std,subjectivity_mean,subjectivity_std,counting
2025-39,0.2833333333333333,1.0,0.0,1.0,1.0
2025-40,-0.3326380136179135,1.0,-0.6666666666666667,1.0,1.0
2025-41,-0.48904773312780925,0.22119674661786617,-0.5569401310833124,0.1551767547741938,2.0
2025-42,-0.13824829970898606,0.8061477250474968,0.2728356720740554,0.9629989066247672,9.0
2025-43,0.4176603021175479,1.1835672580277252,-0.13499482396664148,0.8263026397351789,5.0
