topic,sentiment_mean,sentiment_std,subjectivity_mean,subjectivity_std,counting
Frühling,0.16141466814501915,1.0099851679743097,0.02406491831547411,0.9567611463931328,539.0
Herbst,0.06972624447793536,1.0026994662333057,-0.023399431919082208,0.9556905964278324,354.0
Sommer,-0.027730692543276193,0.9106141743388365,-0.05504184380376753,0.9230838296718125,546.0
Winter,-0.0690879420829351,0.9926255272880451,0.019079806384069826,1.0304096039824928,1384.0
