week,sentiment_mean,sentiment_std,subjectivity_mean,subjectivity_std,counting
2025-39,0.14432464586021948,0.6801335511779578,0.4369038481611543,1.565433621565901,11.0
2025-40,-0.01460850492415743,0.9806218815314484,-0.16264006029819802,0.6398665103199439,35.0
2025-41,-0.0569552590424829,1.0431936788767942,0.07287136602673848,0.9927315845646899,56.0
2025-42,-0.20151704432197198,1.1327813990168536,-0.1449320077477497,0.7732498753366502,74.0
2025-43,0.32728860766901924,1.0984771505650441,0.15238122390963502,1.241807113135848,51.0
2025-44,0.2545600762509804,0.8374688747414846,0.5235117464126003,1.4512282823094391,51.0
2025-45,0.10080116565023375,0.823218187296723,0.03265283099146046,0.8638408353983256,57.0
2025-46,-0.13646090222211693,0.8830823207983295,-0.10666412398733019,0.8611908157884399,133.0
2025-47,0.015339011677799037,0.9255353409181153,-0.16888957593484966,0.6503661866455515,88.0
