topic,sentiment_mean,sentiment_std,subjectivity_mean,subjectivity_std,counting
Frühling,0.038493096930213654,0.9228936998746092,-0.10200253747248846,0.8211696792302078,161.0
Herbst,0.07381277285368922,0.9754065931272131,0.019156319849461406,1.015403922676664,395.0
Sommer,-0.05860803616451,1.073692929179571,0.04149078002224331,1.0162400763298076,337.0
Winter,-0.02276850906988265,0.8864816517563331,-0.0050507969832323495,0.9468253896298903,505.0
