topic,sentiment_mean,sentiment_std,subjectivity_mean,subjectivity_std,counting
Causes,0.03822416007427638,0.9201843796965394,-0.0066791180106706635,0.929466844976378,256.0
Hazard,-0.038598052011934114,0.9923391105728293,-0.026613730920077655,0.9635053928449107,2098.0
Impacts,0.40518346518988296,1.0692730183360135,0.321857830809556,1.2770411895556562,111.0
Mitigation,0.18573665619973082,0.9062222775878933,0.15768931361907162,1.1648106014087245,144.0
