week,sentiment_mean,sentiment_std,subjectivity_mean,subjectivity_std,counting
2025-39,0.08674415673915475,1.0,,1.0,1.0
2025-40,0.21000244061104137,0.46543264360684333,-0.17867469910195644,0.6789862438082566,6.0
2025-41,-0.45625287190358926,0.36524350127969174,-0.1158491797373912,1.0592288776938266,6.0
2025-42,-0.13495492827800104,0.7654377870467063,0.15069173643852582,0.8706163253169267,21.0
2025-43,0.3597939175763875,1.3275507180004718,-0.22417118531960162,0.7645842931881119,9.0
