topic,sentiment_mean,sentiment_std,subjectivity_mean,subjectivity_std,counting
Frühling,0.11967159901604142,0.985154239338954,0.02849246434643973,0.8865307514676147,124.0
Herbst,0.26747654959745426,0.9695854627236432,0.05478924343723783,1.0256578989394245,82.0
Sommer,-0.10069483209670746,0.9175721411440926,-0.011527265592257372,1.17671530984161,101.0
Winter,-0.03226029184007887,0.9736908907258124,-0.007461412401935892,0.9559893624291703,779.0
