topic,sentiment_mean,sentiment_std,subjectivity_mean,subjectivity_std,counting
Causes,0.07314329726594096,0.9292385294094159,0.00931642598444488,0.9403787465851196,238.0
Hazard,-0.042436695043192765,0.9902089484408411,-0.02801130991481016,0.9624970758319782,2046.0
Impacts,0.40168531665203494,1.0733351247656704,0.31862088963792673,1.2749890510311255,108.0
Mitigation,0.1833331877675272,0.9103331553134468,0.1495233500285398,1.1587030837370884,144.0
