topic,sentiment_mean,sentiment_std,subjectivity_mean,subjectivity_std,counting
Causes,-0.4107587442111795,0.7920552321988795,0.17950877777854662,0.9304921753610448,13.0
Hazard,0.0043419972842097514,0.9229819013487736,-0.13281390051620837,0.807749176108171,105.0
Impacts,0.28009172273548294,0.7680020807537361,0.36364962790580957,1.1114599797539488,18.0
Mitigation,0.04255747070876717,0.9837705417185345,0.6729627682438013,1.2127179440645128,9.0
