topic,sentiment_mean,sentiment_std,subjectivity_mean,subjectivity_std,counting
Frühling,0.216606804166015,0.913879790061156,0.005178646436587901,1.027655481336529,67.0
Herbst,0.0772656741367119,1.0280811091819892,0.023534031782764316,1.0180502970925656,376.0
Sommer,0.006030830600950354,0.927690535305445,-0.053100437334627035,0.931053726107281,342.0
Winter,-0.15197547975076242,0.9476513905591122,0.03474796683761458,0.953466789154907,276.0
