week,sentiment_mean,sentiment_std,subjectivity_mean,subjectivity_std,counting
2022-39,0.2661496291494436,1.038216476358931,-0.038937457511958845,0.8981280762760795,74.0
2022-40,-0.12590745261842382,0.9020876404159116,-0.07242411001314432,0.9999931665111296,113.0
2022-41,-0.0029049225893438904,0.987656297600979,-0.025895787544765958,0.9093107046940105,178.0
2022-42,-0.019212152241295372,1.0490895722699458,0.010357636307965783,1.0197374486066695,182.0
2022-43,0.09302155412869917,0.9207609491352086,0.009091321972749634,0.9971003708003703,208.0
2022-44,-0.020302291518311012,0.9855111676669056,-0.08332525023943912,0.8186790978657146,225.0
2022-45,-0.013354647986107783,0.9295090069193291,0.15942548349588223,1.1465622035920608,208.0
2022-46,-0.04321631493549383,0.9321356423422695,0.022717985717096288,0.9320380715321891,193.0
2022-47,-0.07874239873409655,0.7438219728519943,-0.16548131668699373,0.7087754182156824,17.0
