topic,sentiment_mean,sentiment_std,subjectivity_mean,subjectivity_std,counting
Frühling,0.16574830408115063,1.0063297776398836,0.01824335171156856,0.9450501057305164,583.0
Herbst,0.0897188301492662,0.9995172439072213,-0.025170614705626985,0.9504135251909464,434.0
Sommer,-0.028401881657925603,0.9403812634701519,-0.05426059270672894,0.9410482512974655,786.0
Winter,-0.07543818973218959,0.990922942346792,0.029490305526351224,1.0393951679955538,1488.0
