topic,sentiment_mean,sentiment_std,subjectivity_mean,subjectivity_std,counting
Frühling,0.16099738200231223,0.9952391286284299,0.02434721476597944,0.9536869962857794,607.0
Herbst,0.09038101635719575,1.0117801710298466,-0.017679930220012786,0.9534700473121515,485.0
Sommer,-0.02879388793517776,0.9579537420399,-0.05900833520365158,0.9428390838648191,883.0
Winter,-0.07537332149206144,0.985662816437836,0.030850197391877294,1.0397526642256167,1524.0
