topic,sentiment_mean,sentiment_std,subjectivity_mean,subjectivity_std,counting
Frühling,0.15965799666136032,1.000813028399446,0.02037055389529558,0.945483174988463,594.0
Herbst,0.0758341337545838,1.0152393530151171,-0.031675734571773126,0.942836703607564,463.0
Sommer,-0.023447564191418958,0.9472288641708001,-0.05516905630524817,0.9409394940409371,850.0
Winter,-0.07164104188921135,0.9880524710011384,0.03321991246186046,1.0442030614045976,1520.0
