topic,sentiment_mean,sentiment_std,subjectivity_mean,subjectivity_std,counting
Frühling,0.06023630286880808,0.9277240198819274,-0.10512850595910987,0.828963017973131,173.0
Herbst,0.06055343273269892,1.0003438984654418,0.022442037615732133,0.9908153293652128,488.0
Sommer,-0.03540813145625342,1.0595486837182913,0.0036928539177452234,1.0039832080001483,387.0
Winter,-0.02977078493553876,0.9071412286359515,0.011063104346616028,0.9786115587176782,737.0
