week,sentiment_mean,sentiment_std,subjectivity_mean,subjectivity_std,counting
2025-39,0.09890110418038138,0.5402269136443381,0.31313176447336705,1.1436814833169024,11.0
2025-40,-0.009492007822768597,0.852957349503118,-0.17397853955383277,0.6876141636983177,35.0
2025-41,-0.11065454142311289,0.9882663777658894,-0.1081286530162241,0.7682514153983273,56.0
2025-42,-0.21407208340364814,1.0178831854203985,-0.23286047183325684,0.6506117314532742,71.0
2025-43,0.28573658533533614,0.9609604076680254,0.03911185568020272,1.053638264100567,48.0
2025-44,0.22324078190593186,0.7806924595643621,0.3963617271547436,1.3015949314469861,44.0
2025-45,-0.0803512506524153,0.8748662354513472,0.3037621626146,0.9675022998188539,18.0
