keyword,sentiment_mean,sentiment_std,subjectivity_mean,subjectivity_std,counting
'Eisregen',0.19999999999999998,1.0,0.0,1.0,1.0
'Frost',0.01348003817329361,0.6869859205824322,0.0,0.0,3.0
'Schnee',-0.7071067811865475,1.0,,1.0,1.0
