topic,sentiment_mean,sentiment_std,subjectivity_mean,subjectivity_std,counting
Causes,-0.00915712277556103,0.9909022069575253,0.11681796478198428,0.9201178740341879,52.0
Hazard,-0.05165676993225458,0.9562106539881056,-0.08954200284904677,0.9027089690559194,427.0
Impacts,0.3576995463056988,0.8995159804816453,0.5994798322161894,1.305652076035282,46.0
Mitigation,0.24756232307547552,1.0328841104116466,0.19802871732071683,1.077047944544172,31.0
