week,sentiment_mean,sentiment_std,subjectivity_mean,subjectivity_std,counting
2025-39,0.22003105391112301,1.0,,1.0,1.0
2025-40,0.19576526741956043,0.723146103773662,-0.028139752091283554,1.0397956190493098,2.0
2025-41,-0.27850235172003496,0.1466214220056469,-0.1619809509258016,0.8631353556991128,6.0
2025-42,-0.20697108836493422,0.7382932936159076,0.2095494931449402,0.9061431366511711,14.0
2025-43,0.38004763650154727,1.3392355453732554,-0.31758794904863114,0.7925445994486621,8.0
