topic,sentiment_mean,sentiment_std,subjectivity_mean,subjectivity_std,counting
Causes,-0.2587154061755546,0.8227514254220795,0.3350416788840725,1.223216683450897,14.0
Hazard,-0.048470782888218704,0.9520237355765032,-0.12838074000129968,0.8425237105904447,219.0
Impacts,0.34137732933429327,0.8508998644462008,0.448275968376991,1.0972642245403432,40.0
Mitigation,0.20335715846535454,0.792254707670611,0.5605870609195871,1.1099282750062782,10.0
