domain,sentiment_mean,sentiment_std,subjectivity_mean,subjectivity_std,counting
www.stern.de,0.03422799422799423,0.3196943734724911,0.08246753246753247,0.14326241216175462,11.0
www.zeit.de,0.042333333333333334,0.1341461336945094,0.07428571428571429,0.09731077923386515,10.0
www.bild.de,0.19666666666666668,0.39388379561038617,0.0,0.0,3.0
tirol.orf.at,-0.038333333333333344,0.25220141862320195,0.1,0.14142135623730953,2.0
snipz.de,0.0,1.0,0.0,1.0,1.0
wirres.net,0.0,1.0,0.0,1.0,1.0
www.diepresse.com,0.0,1.0,0.0,1.0,1.0
www.faz.net,0.0,1.0,0.0,1.0,1.0
www.spektrum.de,0.0,1.0,0.0,1.0,1.0
