week,sentiment_mean,sentiment_std,subjectivity_mean,subjectivity_std,counting
2025-39,-0.008655877421411747,0.5526177249168307,0.4219214463731731,1.3466225591985108,11.0
2025-40,-0.11080643425520115,0.8284856380169263,-0.17919095687462333,0.6631207012533896,33.0
2025-41,-0.31997139155772514,0.9565304638483881,-0.12194195749463702,0.7084170065162944,20.0
2025-42,-0.060629496799238757,0.8598640858692608,-0.050842997766251424,0.8755539293279452,35.0
2025-43,0.3218236799555846,1.0237320282205014,0.017458723838140122,0.8858115014638688,28.0
2025-44,0.21127435823016366,0.951635939019989,0.23753225629448713,1.1559318845878055,18.0
