topic,sentiment_mean,sentiment_std,subjectivity_mean,subjectivity_std,counting
Causes,0.04076323156185117,0.9208221244511176,-0.008266576134166674,0.9278739301803004,256.0
Hazard,-0.0396778727672386,0.9917805559580876,-0.026286280870372283,0.9639268796994128,2089.0
Impacts,0.41334169243643604,1.0725027503276916,0.31866422796422644,1.2769758182390292,111.0
Mitigation,0.1882219041685658,0.9063361697742902,0.15576211453609387,1.1632802470412866,144.0
