topic,sentiment_mean,sentiment_std,subjectivity_mean,subjectivity_std,counting
Causes,0.056276631228473935,0.9346632123525683,-0.011763038108090389,0.9311552372618458,266.0
Hazard,-0.038791376069739154,0.9917767394361053,-0.025465727162413295,0.9633862827736005,2168.0
Impacts,0.3967114721651311,1.070260658376936,0.31188874824815643,1.288448125202713,112.0
Mitigation,0.16954801650368703,0.8955392423183761,0.1624220309312609,1.1633932049660682,149.0
