topic,sentiment_mean,sentiment_std,subjectivity_mean,subjectivity_std,counting
Causes,0.06565904746373535,0.9402600594392118,-0.016882948869136893,0.9154302235237192,220.0
Hazard,-0.04235338373439663,0.989735941103468,-0.017569658431058215,0.9849457652566641,1941.0
Impacts,0.39505965250493746,1.0315199135665294,0.26769752265518865,1.1024666907736282,103.0
Mitigation,0.1993048754746544,0.921047896966923,0.08109089136202804,1.0563306634898313,137.0
