topic,sentiment_mean,sentiment_std,subjectivity_mean,subjectivity_std,counting
Causes,0.06830860533151342,0.9368197206377689,-0.02029621261873539,0.9140773710364243,222.0
Hazard,-0.044127688251663,0.9880892158102558,-0.017322391923784836,0.9847997851118037,1950.0
Impacts,0.42371825192274337,1.0570160609156225,0.26598511432515687,1.10503664182696,104.0
Mitigation,0.19748954295263674,0.9199658545266624,0.08377119846934945,1.0592565419718483,137.0
