topic,sentiment_mean,sentiment_std,subjectivity_mean,subjectivity_std,counting
Causes,-0.03656931766668526,1.0066197358106421,0.09820917618135035,0.8428682451934693,63.0
Hazard,-0.043473105282863425,0.9696085723595997,-0.09016328747697229,0.8953315021137161,542.0
Impacts,0.2774038668326606,0.9571539514259982,0.47815396527883547,1.298815832457534,71.0
Mitigation,0.19559833455563952,0.8841801272383392,0.23001755861811618,1.2155143707962943,45.0
