topic,sentiment_mean,sentiment_std,subjectivity_mean,subjectivity_std,counting
Causes,0.06435554427311084,0.9611861435780081,0.028606962060362864,0.9772169438068385,147.0
Hazard,-0.048830748783725494,0.9764234888175476,-0.029508593053122714,0.9589975271368002,1181.0
Impacts,0.3344879193797329,1.0260446069181872,0.2885419382950918,1.1494094861386939,92.0
Mitigation,0.2794394718844945,0.9624424407689967,0.07599995933954487,1.1572725690174142,66.0
