topic,sentiment_mean,sentiment_std,subjectivity_mean,subjectivity_std,counting
Frühling,0.1550722941450133,0.9919595583500679,0.021218548997983255,0.9490106897043432,616.0
Herbst,0.09123416007974955,1.0127750712274395,-0.011554877603479695,0.9829983447849178,531.0
Sommer,-0.022716509308529614,0.9594939979719104,-0.05379892832507673,0.9332711065075555,946.0
Winter,-0.07855863607382771,0.9872123454097305,0.02913714627304256,1.0408015259203331,1543.0
