topic,sentiment_mean,sentiment_std,subjectivity_mean,subjectivity_std,counting
Frühling,0.16286972751150544,0.8231739678416625,0.05785626370346599,0.6545749986376209,16.0
Herbst,0.5135769237128247,1.0233878746430216,0.012413064618296775,0.9713486288113142,46.0
Sommer,0.042839056227704966,0.8312271666735696,0.16757393952510552,1.4066087704861032,58.0
Winter,-0.055730465298541386,0.958948712473116,-0.01935495547546307,0.9083347402072417,493.0
