week,sentiment_mean,sentiment_std,subjectivity_mean,subjectivity_std,counting
2025-39,0.08739994714337608,0.526377559903609,0.3099812392599346,1.1457015378641975,11.0
2025-40,-0.011393052818321798,0.8591943440894994,-0.16939195505923954,0.6833626111990854,35.0
2025-41,-0.11786145753822554,0.9863624818624255,-0.11126522458673006,0.7699661273114226,56.0
2025-42,-0.21858973822255548,1.0032293445747116,-0.23269848897239026,0.6556860028449423,71.0
2025-43,0.2775074619136811,0.9547006796173457,0.04539685966223654,1.0648244574439911,48.0
2025-44,0.21733852311830235,0.7836652619239135,0.3941794962228301,1.2802159244998397,41.0
2025-45,0.07019860466762316,0.9101482729901632,0.48757614718352665,1.0297143693675017,14.0
