topic,sentiment_mean,sentiment_std,subjectivity_mean,subjectivity_std,counting
Causes,0.05685147324786146,0.9356675641578511,-0.011994416368503732,0.9303355552452091,266.0
Hazard,-0.03945847517762378,0.9914308828948399,-0.025524655988584163,0.9631410754612653,2167.0
Impacts,0.3966406337695975,1.0698428164596436,0.31133432954612367,1.2868899209235647,112.0
Mitigation,0.18168248258182917,0.8948535368858299,0.16731590137480826,1.171460244403741,146.0
