topic,sentiment_mean,sentiment_std,subjectivity_mean,subjectivity_std,counting
Frühling,0.15244141547410026,0.9992364994322804,0.0017491064969078673,0.9441621238116831,648.0
Herbst,0.11855346002139049,1.0419813381687586,0.01218635270665962,0.997063933672845,776.0
Sommer,-0.023889791900760432,0.9393193947054611,-0.04662954186853058,0.9508730067060901,1144.0
Winter,-0.09201332248108164,0.9838346486640922,0.024656995639353512,1.0306780278873264,1761.0
