topic,sentiment_mean,sentiment_std,subjectivity_mean,subjectivity_std,counting
Causes,0.04449078197258792,0.9263198948306963,-0.011126469381271686,0.9327671492516396,260.0
Hazard,-0.037342158260352545,0.992446806926847,-0.02543026310781549,0.9627338985037477,2152.0
Impacts,0.39303060419357383,1.0671634516010218,0.31515759253659326,1.281525248583869,112.0
Mitigation,0.18147546085749944,0.9012330437234471,0.1599814231094617,1.1710842823686034,145.0
