week,sentiment_mean,sentiment_std,subjectivity_mean,subjectivity_std,counting
2025-39,-0.007623593594577508,0.5537664771165229,0.30378044401579957,1.1195620564075301,11.0
2025-40,0.18010153456794104,0.8068631720151929,-0.24761169399008756,0.6389693765912423,18.0
2025-41,-0.40831911728924913,0.7796468069512239,-0.09308365375519698,0.8457372467459047,13.0
2025-42,-0.14861524272275675,0.7441293722997372,0.0770177560162356,0.8728379311227191,27.0
2025-43,0.38469214734770835,1.123535064399583,-0.0007956368884641055,0.862114824331219,18.0
