topic,sentiment_mean,sentiment_std,subjectivity_mean,subjectivity_std,counting
Frühling,0.14560609102544336,0.9931467973166984,0.008540110839894872,0.9502697069466455,645.0
Herbst,0.12283279501244132,1.0373589519249093,0.003793765769342584,0.9877042550774626,740.0
Sommer,-0.01839732765871723,0.9441659888490171,-0.04914431820210854,0.9459569101912881,1119.0
Winter,-0.09495004722338111,0.9847655811454161,0.027597556188092082,1.034718645664062,1715.0
