topic,sentiment_mean,sentiment_std,subjectivity_mean,subjectivity_std,counting
Frühling,0.06537580645612454,0.9298136712874361,-0.1101719738125457,0.8206233581708137,170.0
Herbst,0.0573501765639171,0.9824518728194346,0.022680592590057603,1.0089251175069236,466.0
Sommer,-0.05114082916607102,1.0725856111639762,0.040364106434396044,1.0344957512645445,352.0
Winter,-0.025554631223081554,0.8995067847535894,-0.005453674775903352,0.9453190066365119,623.0
