topic,sentiment_mean,sentiment_std,subjectivity_mean,subjectivity_std,counting
Causes,0.040483766989673306,0.9228388844102868,-0.01090815291396161,0.9299603551198524,263.0
Hazard,-0.03713186781814637,0.9931755366116937,-0.025677387066433008,0.9628172889939649,2162.0
Impacts,0.39747300358572984,1.0695546943030674,0.31170884437169394,1.287461455481309,112.0
Mitigation,0.18251729659994942,0.8949547310692257,0.16676736908286674,1.170852890325622,146.0
