topic,sentiment_mean,sentiment_std,subjectivity_mean,subjectivity_std,counting
Causes,-0.2729372618245902,1.0235629088347442,0.21012315509159094,1.0227725497068902,22.0
Hazard,-0.031566411875713254,0.9556198322684389,-0.08696585971068395,0.9040942766388728,298.0
Impacts,0.3389652588684039,0.8677248294636071,0.4128018400412426,1.1392142050402767,45.0
Mitigation,0.07647341936180628,0.8810044594302447,0.12650622098078212,0.951311754623105,23.0
