week,sentiment_mean,sentiment_std,subjectivity_mean,subjectivity_std,counting
2024-49,1.1371942386899898,1.0,-1.1547005383792515,1.0,1.0
2024-50,0.07763580239008014,0.9881972898878707,0.10394807030116317,1.060001683462598,26.0
2024-51,-0.12033874737762834,0.9045670437664092,0.1416034994125348,0.9720673438256645,42.0
2024-52,-0.09410466720199248,0.762539747207559,0.36495700340284665,1.6769282871115034,35.0
2024-53,0.6531922553783256,1.3483213386770503,0.6123703410878357,1.4765223656527586,9.0
2025-00,-0.08472553509968658,0.9739692826043965,-0.1473224749749167,0.7400201626924641,189.0
2025-01,0.06646965253237552,1.0230599767704247,-0.16310340664064643,0.8729197250270696,145.0
2025-02,0.08831744537121544,0.8886383214239786,0.23658630199153657,1.0411967085876543,113.0
2025-03,-0.057573763539771755,0.922663451258985,0.00944180925771531,0.7772114451263247,53.0
