topic,sentiment_mean,sentiment_std,subjectivity_mean,subjectivity_std,counting
Causes,0.042777269593336185,0.9242451606864668,-0.01136690446270845,0.9308354363977439,262.0
Hazard,-0.037328294256464126,0.9928625438611222,-0.02594500125174399,0.9628331593499944,2153.0
Impacts,0.3942693717697065,1.0683333525188106,0.31510285127582566,1.2822762772740262,112.0
Mitigation,0.18177551005725626,0.8985709855111234,0.16724366769892338,1.170585056585169,146.0
