topic,sentiment_mean,sentiment_std,subjectivity_mean,subjectivity_std,counting
Frühling,0.1517464561045798,0.9889767046172591,0.024419242100651366,0.9519440169828135,622.0
Herbst,0.10968190801997195,1.0435294573904819,-0.015308713967884349,0.9698088724059737,600.0
Sommer,-0.02665930084770365,0.9501547391687923,-0.04604692115028678,0.9508679089148929,1038.0
Winter,-0.0832568248078523,0.982635468925245,0.027095132083066815,1.0371141763911282,1579.0
