topic,sentiment_mean,sentiment_std,subjectivity_mean,subjectivity_std,counting
Frühling,0.1860875194016138,0.9709760591563058,0.10437520497010655,0.690788389490464,11.0
Herbst,0.547919122592666,1.0347744684141613,0.03624519473801459,1.0692875328727411,27.0
Sommer,0.018140832856079696,0.8244534930424604,0.19630603019283896,1.4407455699709926,48.0
Winter,-0.04302628790642477,0.958426664909679,-0.024457068122087096,0.8824995171020787,386.0
