topic,sentiment_mean,sentiment_std,subjectivity_mean,subjectivity_std,counting
Frühling,0.03848773306744183,0.9223588283086767,-0.10216996033729397,0.8208128819692522,161.0
Herbst,0.07197348539871981,0.9737911462828722,0.019217733378075277,1.0126433364462641,394.0
Sommer,-0.05886821309692639,1.0738147693569966,0.03666721306875276,1.0169126680687859,334.0
Winter,-0.021881722401563216,0.8886971808146946,-0.0031008177749509225,0.9490399107931621,501.0
