topic,sentiment_mean,sentiment_std,subjectivity_mean,subjectivity_std,counting
Frühling,0.043950229583570255,0.8709361110438717,-0.06836205125865354,0.6650323631542441,50.0
Herbst,0.37014569166622,0.9754489824562632,-0.02598539816960827,0.8756341381198381,64.0
Sommer,0.06516374516834635,0.8849481949429547,0.0856342512336199,1.3068675760582689,78.0
Winter,-0.04613306303491903,0.9771639772564036,-0.0014767360777666568,0.9543648261227177,653.0
