topic,sentiment_mean,sentiment_std,subjectivity_mean,subjectivity_std,counting
Causes,0.017219500303227955,0.9461482614742674,0.053694131993819144,0.9834145921264779,129.0
Hazard,-0.047700015016553694,0.9716779729853724,-0.05194802650577007,0.9365751601203314,855.0
Impacts,0.3036085144059491,1.0275847307398207,0.32329443485959397,1.1535612622112759,92.0
Mitigation,0.257088696049004,0.9829911948882464,0.17364195393725415,1.240936331298243,51.0
