topic,sentiment_mean,sentiment_std,subjectivity_mean,subjectivity_std,counting
Frühling,0.06120523182702606,0.937479743547954,-0.0871822419906769,0.8602525480023617,183.0
Herbst,0.06597734052752922,0.9818088514389574,-0.0038555411052667563,0.9648330816433296,529.0
Sommer,0.021115242719037162,1.0705724211450953,-0.03152516783764425,0.9562071242271349,471.0
Winter,-0.048982062520478174,0.929243771668175,0.02897025634520758,1.0061671534060868,1090.0
