topic,sentiment_mean,sentiment_std,subjectivity_mean,subjectivity_std,counting
Frühling,0.04806689550636849,0.9290624123265891,-0.10611145309253155,0.8299234562274234,162.0
Herbst,0.06142946105317856,0.9785248831663296,0.01475600183851094,1.0029829480650305,435.0
Sommer,-0.05343147692546126,1.067366277579346,0.042818762162847544,1.0228845922853649,340.0
Winter,-0.022561574399956204,0.8998679629383821,-0.0025308115547323135,0.9527491595063847,574.0
