topic,sentiment_mean,sentiment_std,subjectivity_mean,subjectivity_std,counting
Frühling,0.1782853384205531,0.9620977560793053,0.0018102865973597523,0.9508627878037053,1231.0
Herbst,0.11688211057214716,1.0625946119706449,0.0052898550716983074,0.9891001042272561,2742.0
Sommer,-0.04275365097600052,0.9567819354771606,-0.020417680408314605,0.9884469528883721,4813.0
Winter,-0.051839922470688526,0.9904401716739765,0.013336481149342041,1.0102427010872863,6271.0
