topic,sentiment_mean,sentiment_std,subjectivity_mean,subjectivity_std,counting
Frühling,0.0497348257518331,0.9261314112487743,-0.10310508416289343,0.8302770597494206,161.0
Herbst,0.05901822620471843,0.9794885155759621,0.023604121083035428,1.0124183908457889,404.0
Sommer,-0.052722022564561134,1.0606216387769538,0.04317866744871853,1.0244698683048803,339.0
Winter,-0.01803235840246468,0.9024289400031857,-0.008942232653920835,0.9440006449531112,566.0
