topic,sentiment_mean,sentiment_std,subjectivity_mean,subjectivity_std,counting
Frühling,0.17830205753767522,0.9621142316461719,0.0018364153419823167,0.9509602904874613,1231.0
Herbst,0.11689551552066846,1.062636115807958,0.005310830013746648,0.9891139225039219,2742.0
Sommer,-0.04276080242444563,0.9568228630691256,-0.020390408637417708,0.9884827911698927,4813.0
Winter,-0.05183529845462385,0.9903872829276622,0.013299124374021774,1.010191142438474,6272.0
