topic,sentiment_mean,sentiment_std,subjectivity_mean,subjectivity_std,counting
Causes,0.07651053343691526,0.94062392275793,-0.016933080021085685,0.9213987427351509,209.0
Hazard,-0.0426320610700372,0.9844811073029001,-0.013122548423384709,0.9878840608592728,1765.0
Impacts,0.3873587179550116,1.0211944967507764,0.273574284279225,1.109115044075087,103.0
Mitigation,0.20829890562389097,0.9969307989166567,-0.006021701736937943,0.9930136986550144,98.0
