topic,sentiment_mean,sentiment_std,subjectivity_mean,subjectivity_std,counting
Frühling,0.16389508709599326,0.9906032152383485,-0.028299293377752742,0.8705030398046505,241.0
Herbst,0.09912402110399432,1.051135932089111,0.06082368433279399,1.0300842963685979,106.0
Sommer,-0.13852876715124207,0.8671073108978339,0.03261052190823452,1.206306350528198,114.0
Winter,-0.03743721480479677,0.9734845439913998,-0.0036680846051190302,0.9702859253453321,899.0
