topic,sentiment_mean,sentiment_std,subjectivity_mean,subjectivity_std,counting
Causes,0.03613029332287345,0.9384788082796376,-0.019405800882987205,0.9255073304417698,275.0
Hazard,-0.03712516799296347,0.9915402813461092,-0.02460943130256546,0.9634638738814363,2184.0
Impacts,0.39810822904601695,1.0666754205204605,0.31429438916567004,1.2943833392565598,113.0
Mitigation,0.1771104462485859,0.8970501770665179,0.16130826014494073,1.165914650455194,150.0
